<?xml version="1.0" encoding="utf-8"?>
<!--Created using XmlSitemapGenerator.org - Free HTML, RSS and XML sitemap generator-->
<rss version="2.0">
  <channel>
    <title>Who Are We?</title>
    <link>http://www.chroniclebox.us/</link>
    <description />
    <item>
      <guid>http://www.chroniclebox.us/</guid>
      <title>Who Are We?</title>
      <link>http://www.chroniclebox.us/</link>
      <description />
    </item>
    <item>
      <guid>http://www.chroniclebox.us/landingpage.html</guid>
      <title>Chronicle | Subscription Box | Fresno, Ca</title>
      <link>http://www.chroniclebox.us/landingpage.html</link>
      <description />
    </item>
  </channel>
</rss>
<!--<guid value="3033bf7e-3dfd-4e23-9904-75c2df40e12d" />-->
<!--Created using XmlSitemapGenerator.org - Free HTML, RSS and XML sitemap generator-->